{
    "avg_execution_time": 0.0003252267837524414,
    "avg_memory_usage": 0.009375,
    "avg_cpu_usage": 2.220446049250313e-16,
    "quantized_output": [
        [
            -1,
            -128,
            -128,
            -128,
            -128,
            -1,
            -128,
            -128,
            -128,
            -128,
            -128,
            -127
        ]
    ],
    "dequantized_output": [
        [
            0.49609375,
            0.0,
            0.0,
            0.0,
            0.0,
            0.49609375,
            0.0,
            0.0,
            0.0,
            0.0,
            0.0,
            0.00390625
        ]
    ]
}