{
    "avg_execution_time": 0.0001991748809814453,
    "avg_memory_usage": 0.018359375,
    "avg_cpu_usage": 0.5000000000000001,
    "output": [
        [
            -1,
            -128,
            -128,
            -128,
            -128,
            -1,
            -128,
            -128,
            -128,
            -128,
            -128,
            -127
        ]
    ]
}