{
    "avg_execution_time": 0.0003557920455932617,
    "avg_memory_usage": 0.008984375,
    "avg_cpu_usage": -0.44000000000000006,
    "quantized_output": [
        [
            -1,
            -128,
            -128,
            -128,
            -128,
            -1,
            -128,
            -128,
            -128,
            -128,
            -128,
            -127
        ]
    ],
    "dequantized_output": [
        [
            0.49609375,
            0.0,
            0.0,
            0.0,
            0.0,
            0.49609375,
            0.0,
            0.0,
            0.0,
            0.0,
            0.0,
            0.00390625
        ]
    ]
}