{
    "execution_times": [
        0.1877739429473877,
        0.18783831596374512,
        0.0571286678314209,
        0.06067848205566406,
        0.07286190986633301,
        0.05989360809326172,
        0.07570838928222656,
        0.06491804122924805,
        0.060007572174072266,
        0.058081865310668945
    ],
    "memory_usages": [
        12.3125,
        0.0,
        0.0,
        0.0,
        0.0,
        0.0,
        0.0,
        0.0,
        0.0,
        0.0
    ],
    "cpu_usages": [
        -1.2999999999999998,
        0.8999999999999999,
        0.6000000000000001,
        0.7000000000000002,
        0.0,
        -1.1,
        -2.6,
        -2.0,
        -5.1,
        -0.6
    ],
    "outputs": [
        